id,product_id,geometry_cluster_id,relative_path,source_group,file_size,sha256,encoding,content_is_dxf,parse_status,dxf_version,source_units,source_units_code,physical_width_mm,physical_height_mm,unit_confidence,unit_source,candidate_product_key,candidate_view,product_family,review_status,review_state,entity_count,layer_count,block_count,source_bbox,preview_ref,suitable_as_panel_footprint,error
f4080e2f1fca2e38,product-7b8d475ec745937c,geometry-78cbb48e67ae3295,radica-dxf/0-siemens-simatic-et200pro-cpu-1516pro-2-pn-24vdc-16726e20f8-dxf,radica-dxf,182377,f4080e2f1fca2e3864946a705fd630b563199e1edb69cd91f9050cb7f5ebf627,ascii,True,parsed,AC1009,,,,,unknown,,siemens-simatic-et200pro-cpu-1516pro-2-pn-24vdc,,,needs-review,needs-unit-review,1771,2,2,"{""min_x"":2.778147794058593,""min_y"":-2.7781040022797447,""max_x"":26.59065300223,""max_y"":92.47190140600958,""width"":23.812505208171405,""height"":95.25000540828933}",previews/f4080e2f1fca2e38.svg,True,
63893bf415991296,product-879272643ee6b49c,geometry-318302997b20dfd2,radica-dxf/0-siemens-simatic-et200s-2ai-24-vdc-hs-u-aio-2i-86611c91c4-dxf,radica-dxf,165440,63893bf415991296a30e88ec8841e4e14a9144b91a89fd3fe5171de7c421b6d9,ascii,True,parsed,AC1009,,,,,unknown,,siemens-simatic-et200s-2ai-24-vdc-hs-u-aio-2i,,ET200S,needs-review,needs-unit-review,1608,3,2,"{""min_x"":2.778147794058593,""min_y"":-2.7781537022797447,""max_x"":26.59065300223,""max_y"":68.65935170600959,""width"":23.812505208171405,""height"":71.43750540828933}",previews/63893bf415991296.svg,True,
d2040a6577395435,product-3e3affc286ca8db2,geometry-db7099be40e9714a,radica-dxf/0-siemens-simatic-s7-1200-cm-1241-rs232-24vdc-ce70a88b91-dxf,radica-dxf,135989,d2040a6577395435a5b2768b56211a33c988533c5ae1a505d1c9a41c3d64376b,ascii,True,parsed,AC1009,,,,,unknown,,siemens-simatic-s7-1200-cm-1241-rs232-24vdc,,SIMATIC S7-1200,needs-review,needs-unit-review,1304,2,2,"{""min_x"":2.778147794058593,""min_y"":-2.778153002279745,""max_x"":26.59065300223,""max_y"":21.03435240600958,""width"":23.812505208171405,""height"":23.812505408289326}",previews/d2040a6577395435.svg,True,
a8120cb4d1fef926,product-ac75607a5fa8acf8,geometry-2155cf8f7b28a808,radica-dxf/0-siemens-simatic-s7-1200-plc-1211c-cpu-dc-rly-6i-4o-2ai-cc0016d5de-dxf,radica-dxf,259410,a8120cb4d1fef92658ae634b666dfdf7f471668a0a45b27b6c3df1da78b0b60f,ascii,True,parsed,AC1009,,,,,unknown,,siemens-simatic-s7-1200-plc-1211c-cpu-dc-rly-6i-4o-2ai,,SIMATIC S7-1200,needs-review,needs-unit-review,2477,3,2,"{""min_x"":2.778647794058593,""min_y"":-2.7781040022797447,""max_x"":26.591153002229998,""max_y"":92.47190140600958,""width"":23.812505208171405,""height"":95.25000540828933}",previews/a8120cb4d1fef926.svg,True,
6689d7bfa34a7c44,product-284a19db4918eab5,geometry-42f2946b56b0945c,radica-dxf/0-siemens-simatic-s7-1200-pm1207-1p-ac-24v-25a-9b3c45cb8f-dxf,radica-dxf,110961,6689d7bfa34a7c447dcad2e2f5a91f5a82786dca9387343463c4df11c440e3f9,ascii,True,parsed,AC1009,,,,,unknown,,siemens-simatic-s7-1200-pm1207-1p-ac-24v-25a,,SIMATIC S7-1200,needs-review,needs-unit-review,1069,2,2,"{""min_x"":2.778147794058593,""min_y"":-2.778103402279745,""max_x"":26.59065300223,""max_y"":44.846902006009586,""width"":23.812505208171405,""height"":47.62500540828933}",previews/6689d7bfa34a7c44.svg,True,
ee9f654c57605ea1,product-9d6b99e408e10ed3,geometry-c64070f791685579,radica-dxf/0-siemens-simatic-s7-1200-sm-1221-dio-24vdc-105ma-8i-2f94caaed2-dxf,radica-dxf,225070,ee9f654c57605ea109f4fb626aa6120dc57b2bbc14da190c2f7cb05c3127098f,ascii,True,parsed,AC1009,,,,,unknown,,siemens-simatic-s7-1200-sm-1221-dio-24vdc-105ma-8i,,SIMATIC S7-1200,needs-review,needs-unit-review,2151,2,2,"{""min_x"":2.778147794058593,""min_y"":-2.7781040022797447,""max_x"":26.59065300223,""max_y"":92.47190140600958,""width"":23.812505208171405,""height"":95.25000540828933}",previews/ee9f654c57605ea1.svg,True,
41635aacb5f6a2cb,product-0f130537b61de71c,geometry-00ca9ae41bf29302,radica-dxf/0-siemens-simatic-s7-1200-sm-1231-aio-4ai-6e8bc44e12-dxf,radica-dxf,162047,41635aacb5f6a2cbe12dba4b571d6b74b626899ad7fd09dbad709a9331d989ec,ascii,True,parsed,AC1009,,,,,unknown,,siemens-simatic-s7-1200-sm-1231-aio-4ai,,SIMATIC S7-1200,needs-review,needs-unit-review,1556,3,2,"{""min_x"":2.778147794058593,""min_y"":-2.778103802279745,""max_x"":26.59065300223,""max_y"":76.59690160600958,""width"":23.812505208171405,""height"":79.37500540828933}",previews/41635aacb5f6a2cb.svg,True,
f9f9d015c5f1ac10,product-b86be7f319975832,geometry-a7e56936f7caeb02,radica-dxf/0-siemens-simatic-s7-1500-sm531-16l-ba-analog-i-o-module-16i-af987867f6-dxf,radica-dxf,271136,f9f9d015c5f1ac10baf58a21d237ff6836bd2597725e5212bc5f4f5dc2d814bb,ascii,True,parsed,AC1009,,,,,unknown,,siemens-simatic-s7-1500-sm531-16l-ba-analog-i-o-module-16i,,SIMATIC S7-1500,needs-review,needs-unit-review,2643,3,2,"{""min_x"":2.778147794058593,""min_y"":-2.778104702279745,""max_x"":26.59065300223,""max_y"":140.0969007060096,""width"":23.812505208171405,""height"":142.87500540828933}",previews/f9f9d015c5f1ac10.svg,True,
ae0b2ecfef4e3714,product-9bd13e1c33599b82,geometry-8f28a2d2d2472a63,radica-dxf/0-siemens-simatic-s7-1500-tm-count-2x24v-tech-i-o-module-3i-2o-a1d5bc57cc-dxf,radica-dxf,234038,ae0b2ecfef4e37149c3c3c9d7983c414195a642b12dce07ff49f5c0cfd9ca298,ascii,True,parsed,AC1009,,,,,unknown,,siemens-simatic-s7-1500-tm-count-2x24v-tech-i-o-module-3i-2o,,SIMATIC S7-1500,needs-review,needs-unit-review,2240,2,2,"{""min_x"":2.778147794058593,""min_y"":-2.7781043022797447,""max_x"":26.59065300223,""max_y"":108.34690110600958,""width"":23.812505208171405,""height"":111.12500540828933}",previews/ae0b2ecfef4e3714.svg,True,
7409361b2ab0bd6c,product-d5b24e4634b8b942,geometry-97dd6253255f43ad,radica-dxf/0-siemens-simatic-s7-200-digital-input-em-223-32i-32o-24vdc-0faea9a340-dxf,radica-dxf,774296,7409361b2ab0bd6ce81cc878e40bf0b32fad7f63bec003f366d95c3904f48c2e,ascii,True,parsed,AC1009,,,,,unknown,,siemens-simatic-s7-200-digital-input-em-223-32i-32o-24vdc,,,needs-review,needs-unit-review,7301,2,2,"{""min_x"":2.778147794058593,""min_y"":-2.7781387021817445,""max_x"":26.59065300223,""max_y"":198.30516660600958,""width"":23.812505208171405,""height"":201.0833053081913}",previews/7409361b2ab0bd6c.svg,True,
dfae0184b942589f,product-0df775062bc3d016,geometry-b36d62c196ec7cb3,radica-dxf/0-siemens-simatic-s7-300-plc-314-cpu-6a1fcc03c5-dxf,radica-dxf,116585,dfae0184b942589ff99f291a082f1681dbd67ded6da05a4f0a2e6f8d22cad67e,ascii,True,parsed,AC1009,,,,,unknown,,siemens-simatic-s7-300-plc-314-cpu,,S7-300,needs-review,needs-unit-review,1121,2,2,"{""min_x"":2.778147794058593,""min_y"":-2.778153002279745,""max_x"":26.59065300223,""max_y"":21.03435240600958,""width"":23.812505208171405,""height"":23.812505408289326}",previews/dfae0184b942589f.svg,True,
90c05981f998243b,product-7c68772410ada678,geometry-35f4e7db58b3df23,radica-dxf/0-siemens-simatic-s7-300-sm-321-dio-24vdc-32i-4ce365f26a-dxf,radica-dxf,340489,90c05981f998243b8817aad132fc89d34e1b6ae96c84136e50c18d8ffc6373bd,ascii,True,parsed,AC1009,,,,,unknown,,siemens-simatic-s7-300-sm-321-dio-24vdc-32i,,S7-300,needs-review,needs-unit-review,3219,2,2,"{""min_x"":2.778147794058593,""min_y"":-2.778104702279745,""max_x"":26.59065300223,""max_y"":140.0969007060096,""width"":23.812505208171405,""height"":142.87500540828933}",previews/90c05981f998243b.svg,True,
e0c450f62d48b5d2,product-d2a827631f12feeb,geometry-6e886c4eadf8f80e,radica-dxf/0-siemens-simatic-s7-300-sm-331-aio-iso-24vdc-u-i-8i-3282d43036-dxf,radica-dxf,217501,e0c450f62d48b5d2000afae0aea55907f4686dd3ea7dcdabd97dafda9f3f1933,ascii,True,parsed,AC1009,,,,,unknown,,siemens-simatic-s7-300-sm-331-aio-iso-24vdc-u-i-8i,,S7-300,needs-review,needs-unit-review,2084,3,2,"{""min_x"":2.778147794058593,""min_y"":-2.778104502279745,""max_x"":26.59065300223,""max_y"":124.22190090600958,""width"":23.812505208171405,""height"":127.00000540828933}",previews/e0c450f62d48b5d2.svg,True,
9bd4640d3780c5e7,product-01667c8e8b39f166,geometry-c531bb41c28f1c58,radica-dxf/0-siemens-simatic-s7-400-cp-440-1-comm-24vdc-rs422-485-89e5f611d9-dxf,radica-dxf,144489,9bd4640d3780c5e759823076177658bb833c287315dbc1b1fa031a2d2ec86823,ascii,True,parsed,AC1009,,,,,unknown,,siemens-simatic-s7-400-cp-440-1-comm-24vdc-rs422-485,,S7-400,needs-review,needs-unit-review,1399,2,2,"{""min_x"":2.778147794058593,""min_y"":-2.778153502279745,""max_x"":26.59065300223,""max_y"":52.78435190600958,""width"":23.812505208171405,""height"":55.562505408289326}",previews/9bd4640d3780c5e7.svg,True,
89c240c1c5794108,product-d08193a5da20f0b3,geometry-bd15c9a88a749b81,radica-dxf/0-siemens-simatic-s7-400-plc-412-2-cpu-mpi-dp-profibus-dp-c3f5255ca2-dxf,radica-dxf,115230,89c240c1c5794108a9586ae088cd054c7f87522ca64489571ed16ed4f850f821,ascii,True,parsed,AC1009,,,,,unknown,,siemens-simatic-s7-400-plc-412-2-cpu-mpi-dp-profibus-dp,,S7-400,needs-review,needs-unit-review,1111,2,2,"{""min_x"":2.778147794058593,""min_y"":-2.778103202279745,""max_x"":26.59065300223,""max_y"":28.97190220600958,""width"":23.812505208171405,""height"":31.750005408289326}",previews/89c240c1c5794108.svg,True,
30d93b5d0097c63e,product-c13a913ee37c9fb4,geometry-52bd9b8cd00350bf,radica-dxf/0-siemens-simatic-s7-400-ps-405-24-48-60-vdc-5vdc-4a-180c7837d0-dxf,radica-dxf,135753,30d93b5d0097c63ec6618c615574b702b080f57d0c689566bb3dc225b8288175,ascii,True,parsed,AC1009,,,,,unknown,,siemens-simatic-s7-400-ps-405-24-48-60-vdc-5vdc-4a,,S7-400,needs-review,needs-unit-review,1311,2,2,"{""min_x"":2.778147794058593,""min_y"":-2.778153302279745,""max_x"":26.59065300223,""max_y"":36.909352106009585,""width"":23.812505208171405,""height"":39.68750540828933}",previews/30d93b5d0097c63e.svg,True,
ef954376114522a1,product-6835c0eabad2982e,geometry-fc6610e1cdcca8ce,radica-dxf/1-siemens-logo-plc-24rce-cpu-8i-4o-1039ffe69d-dxf,radica-dxf,226242,ef954376114522a1d6160633eea0b918633cf4c97e69a4bb3716ac6d9aedfad9,ascii,True,parsed,AC1009,,,,,unknown,,siemens-logo-plc-24rce-cpu-8i-4o,,,needs-review,needs-unit-review,2166,2,2,"{""min_x"":2.778147794058593,""min_y"":-2.778103802279745,""max_x"":26.59065300223,""max_y"":76.59690160600958,""width"":23.812505208171405,""height"":79.37500540828933}",previews/ef954376114522a1.svg,True,
409adeb36772ffce,product-336cd9f9587f69e0,geometry-491372c07e0a8bb3,radica-dxf/1-siemens-simatic-et200sp-f-tm-servodrive-1x24-48vdc-st-drive-controller-1o-e3c7ac5535-dxf,radica-dxf,221652,409adeb36772ffcef6f4259733b3054c256504f44dc03fc08bd890fa440223a6,ascii,True,parsed,AC1009,,,,,unknown,,siemens-simatic-et200sp-f-tm-servodrive-1x24-48vdc-st-drive-controller-1o,,ET200SP,needs-review,needs-unit-review,2126,2,2,"{""min_x"":2.778147794058593,""min_y"":-2.778103802279745,""max_x"":26.59065300223,""max_y"":76.59690160600958,""width"":23.812505208171405,""height"":79.37500540828933}",previews/409adeb36772ffce.svg,True,
074f9df9d0280e7b,product-b2f91e1faf6b3031,geometry-5004c74b0b7150e2,radica-dxf/1-siemens-simatic-et200sp-ha-ex-di-4xnamur-dio-4i-301da508ea-dxf,radica-dxf,158843,074f9df9d0280e7b721344ce4b06a54516e3046a5679468efafc2205daca08c0,ascii,True,parsed,AC1009,,,,,unknown,,siemens-simatic-et200sp-ha-ex-di-4xnamur-dio-4i,,ET200SP,needs-review,needs-unit-review,1526,2,2,"{""min_x"":2.778147794058593,""min_y"":-2.778103802279745,""max_x"":26.59065300223,""max_y"":76.59690160600958,""width"":23.812505208171405,""height"":79.37500540828933}",previews/074f9df9d0280e7b.svg,True,
8e4ea67b35e91470,product-e345c1820279ae6c,geometry-ac9c8e3af2d77353,radica-dxf/1-siemens-simatic-et200sp-tm-posinput-1-tech-i-o-module-10-unit-2i-2o-5dde59664f-dxf,radica-dxf,209088,8e4ea67b35e91470f1d2335aa1bd0bafb8ecfcb81ce037c5ef185e278e345221,ascii,True,parsed,AC1009,,,,,unknown,,siemens-simatic-et200sp-tm-posinput-1-tech-i-o-module-10-unit-2i-2o,,ET200SP,needs-review,needs-unit-review,2011,2,2,"{""min_x"":2.778147794058593,""min_y"":-2.7781539022797452,""max_x"":26.59065300223,""max_y"":84.53435150600959,""width"":23.812505208171405,""height"":87.31250540828933}",previews/8e4ea67b35e91470.svg,True,
10dd8ab2cbd2c270,product-bd4da500a81dd1e1,geometry-ce5ca73c01b511f2,radica-dxf/1-siemens-simatic-s7-1200-plc-1212c-cpu-ac-rly-8i-6o-2ai-470b7b93ef-dxf,radica-dxf,310394,10dd8ab2cbd2c27042cba382ce40ef8e330c4b0b829519b9a4dcecafceddde2e,ascii,True,parsed,AC1009,,,,,unknown,,siemens-simatic-s7-1200-plc-1212c-cpu-ac-rly-8i-6o-2ai,,SIMATIC S7-1200,needs-review,needs-unit-review,2949,3,2,"{""min_x"":2.778647794058593,""min_y"":-2.7781043022797447,""max_x"":26.591153002229998,""max_y"":108.34690110600958,""width"":23.812505208171405,""height"":111.12500540828933}",previews/10dd8ab2cbd2c270.svg,True,
0d399eb259b8f55f,product-766187414281f511,geometry-4eecfa92bf344d41,radica-dxf/1-siemens-simatic-s7-1500-cm-ptp-rs232-hf-comm-1i-o-54356a2f3f-dxf,radica-dxf,122335,0d399eb259b8f55fa591d245271ebd94416b692efe282920433becbe35591619,ascii,True,parsed,AC1009,,,,,unknown,,siemens-simatic-s7-1500-cm-ptp-rs232-hf-comm-1i-o,,SIMATIC S7-1500,needs-review,needs-unit-review,1172,2,2,"{""min_x"":2.778147794058593,""min_y"":-2.778153002279745,""max_x"":26.59065300223,""max_y"":21.03435240600958,""width"":23.812505208171405,""height"":23.812505408289326}",previews/0d399eb259b8f55f.svg,True,
b236f9e82d6a6f2e,product-a9ce0bf68eec876d,geometry-de99d0f54bdfff30,radica-dxf/1-siemens-simatic-s7-1500-cpu-1511-1-pn-7deea3b07d-dxf,radica-dxf,131457,b236f9e82d6a6f2e1afae96b6a3f960a8a9dba61e63471a6a0de9906c88868e9,ascii,True,parsed,AC1009,,,,,unknown,,siemens-simatic-s7-1500-cpu-1511-1-pn,,SIMATIC S7-1500,needs-review,needs-unit-review,1270,2,2,"{""min_x"":2.778147794058593,""min_y"":-2.778153302279745,""max_x"":26.59065300223,""max_y"":36.909352106009585,""width"":23.812505208171405,""height"":39.68750540828933}",previews/b236f9e82d6a6f2e.svg,True,
1dd7bc3ba2bd6a35,product-f9335823cfd0a67a,geometry-e58bc2f9ea6e0d49,radica-dxf/1-siemens-simatic-s7-1500-f-dq-4x24-v-dc-2a-hf-fail-safe-4o-c21befc18a-dxf,radica-dxf,251097,1dd7bc3ba2bd6a35a643e94b78d0641376f25e8f2426dd73d7a01c5a2f6343e5,ascii,True,parsed,AC1009,,,,,unknown,,siemens-simatic-s7-1500-f-dq-4x24-v-dc-2a-hf-fail-safe-4o,,SIMATIC S7-1500,needs-review,needs-unit-review,2395,2,2,"{""min_x"":2.778647794058593,""min_y"":-2.778103802279745,""max_x"":26.591153002229998,""max_y"":76.59690160600958,""width"":23.812505208171405,""height"":79.37500540828933}",previews/1dd7bc3ba2bd6a35.svg,True,
59a4258b15ecd1fd,product-4b88fdbca56c7146,geometry-08df1136659be6d7,radica-dxf/10-siemens-simatic-et200sp-1515sp-pc-cpu-64-bit-hmi-128pt-front-view-e0b2013f8a-dxf,radica-dxf,610519,59a4258b15ecd1fd06c4424e638210d16f43a388d3648c5410eabd75bf355d7a,ascii,True,parsed,AC1009,,,,,unknown,,siemens-simatic-et200sp-1515sp-pc-cpu-64-bit-hmi-128pt,front,ET200SP,auto-safe,needs-unit-review,7240,1,2,"{""min_x"":0.1362366,""min_y"":-0.230536,""max_x"":159.9366644,""max_y"":118.3707348,""width"":159.80042780000002,""height"":118.6012708}",previews/59a4258b15ecd1fd.svg,True,
68329709c96b95aa,product-aab395f974b718b4,geometry-c27931db171e2e38,radica-dxf/10-siemens-simatic-s7-1200-plc-1217c-cpu-dc-dc-10i-10o-2ai-2ao-310b1ef578-dxf,radica-dxf,571199,68329709c96b95aa0b490f87082e49dedd63aa160194100cf8530d8133c1865f,ascii,True,parsed,AC1009,,,,,unknown,,siemens-simatic-s7-1200-plc-1217c-cpu-dc-dc-10i-10o-2ai-2ao,,SIMATIC S7-1200,needs-review,needs-unit-review,5403,3,2,"{""min_x"":2.778647794058593,""min_y"":-2.778105602279745,""max_x"":26.591153002229998,""max_y"":203.5968998060096,""width"":23.812505208171405,""height"":206.37500540828933}",previews/68329709c96b95aa.svg,True,
eb7ed3acc75fbcae,product-4b88fdbca56c7146,geometry-c2c22de3791c1bfe,radica-dxf/11-siemens-simatic-et200sp-1515sp-pc-cpu-64-bit-hmi-128pt-side-view-5f15cfb04a-dxf,radica-dxf,17887,eb7ed3acc75fbcae15360cc0546278b4787d710746abe39e176363c923ff7e6c,ascii,True,parsed,AC1009,,,,,unknown,,siemens-simatic-et200sp-1515sp-pc-cpu-64-bit-hmi-128pt,side,ET200SP,auto-safe,needs-unit-review,215,1,2,"{""min_x"":0.1919062,""min_y"":-0.2312485,""max_x"":74.4205062,""max_y"":118.368714,""width"":74.2286,""height"":118.5999625}",previews/eb7ed3acc75fbcae.svg,True,
a2a9753b204b0dd3,product-5fa6e80f3f0bb8c5,geometry-48b2361b42702bd9,radica-dxf/11-siemens-simatic-s7-1200-plc-1214c-cpu-dc-dc-14i-10o-2ai-20920a86c2-dxf,radica-dxf,412746,a2a9753b204b0dd3ac7c922d6a89f8eed3ed290473d8f96b28bb43bbdfb143da,ascii,True,parsed,AC1009,,,,,unknown,,siemens-simatic-s7-1200-plc-1214c-cpu-dc-dc-14i-10o-2ai,,SIMATIC S7-1200,needs-review,needs-unit-review,3905,3,2,"{""min_x"":2.778647794058593,""min_y"":-2.7781049022797446,""max_x"":26.591153002229998,""max_y"":155.97190050600958,""width"":23.812505208171405,""height"":158.75000540828933}",previews/a2a9753b204b0dd3.svg,True,
e71066ed905fe257,product-762d123a8da7f3b9,geometry-66b786386cf872e2,radica-dxf/12-siemens-simatic-s7-1200-plc-1214c-cpu-ac-rly-14i-10o-2ai-76dfe13f63-dxf,radica-dxf,413730,e71066ed905fe257a914a233feea857121a80e2349bfd004113f505948cd828a,ascii,True,parsed,AC1009,,,,,unknown,,siemens-simatic-s7-1200-plc-1214c-cpu-ac-rly-14i-10o-2ai,,SIMATIC S7-1200,needs-review,needs-unit-review,3914,3,2,"{""min_x"":2.778647794058593,""min_y"":-2.7781049022797446,""max_x"":26.591153002229998,""max_y"":155.97190050600958,""width"":23.812505208171405,""height"":158.75000540828933}",previews/e71066ed905fe257.svg,True,
ed005235c6b92b1b,product-9cf48d705a4580c1,geometry-74e39479b867bf04,radica-dxf/17-siemens-simatic-s7-1200-plc-1215c-cpu-dc-dc-14i-10o-2ai-2ao-afc296445a-dxf,radica-dxf,432208,ed005235c6b92b1ba10a6cc7d754f63835f2292cb5b520662750363cb4c2eda6,ascii,True,parsed,AC1009,,,,,unknown,,siemens-simatic-s7-1200-plc-1215c-cpu-dc-dc-14i-10o-2ai-2ao,,SIMATIC S7-1200,needs-review,needs-unit-review,4094,3,2,"{""min_x"":2.778647794058593,""min_y"":-2.7781049022797446,""max_x"":26.591153002229998,""max_y"":155.97190050600958,""width"":23.812505208171405,""height"":158.75000540828933}",previews/ed005235c6b92b1b.svg,True,
cae026a22e121702,product-e5a3a3a1f3aa6f85,geometry-bcbffeedb887d6d2,radica-dxf/18-siemens-simatic-s7-1200-plc-1215c-cpu-dc-rly-14i-10o-2ai-2ao-d3978d04a6-dxf,radica-dxf,432341,cae026a22e121702040984c98f889b204c6664ead90bf1c0d51bc8658b1e1dbd,ascii,True,parsed,AC1009,,,,,unknown,,siemens-simatic-s7-1200-plc-1215c-cpu-dc-rly-14i-10o-2ai-2ao,,SIMATIC S7-1200,needs-review,needs-unit-review,4090,3,2,"{""min_x"":2.778647794058593,""min_y"":-2.7781049022797446,""max_x"":26.591153002229998,""max_y"":155.97190050600958,""width"":23.812505208171405,""height"":158.75000540828933}",previews/cae026a22e121702.svg,True,
8de4dca21d4d51e3,product-26a3e3eb6eacf693,geometry-6a76f5ad7592525a,radica-dxf/2-siemens-simatic-s7-1200-plc-1211c-cpu-dc-dc-6i-4o-2ai-cbaac8b726-dxf,radica-dxf,265534,8de4dca21d4d51e3263c97914aad730b8b06de255052e3aa99e615a28a59f810,ascii,True,parsed,AC1009,,,,,unknown,,siemens-simatic-s7-1200-plc-1211c-cpu-dc-dc-6i-4o-2ai,,SIMATIC S7-1200,needs-review,needs-unit-review,2535,3,2,"{""min_x"":2.778647794058593,""min_y"":-2.7781040022797447,""max_x"":26.591153002229998,""max_y"":92.47190140600958,""width"":23.812505208171405,""height"":95.25000540828933}",previews/8de4dca21d4d51e3.svg,True,
c34d462cf92d0c4c,product-6e89141931ddc212,geometry-24e9dfe3bff56dcf,radica-dxf/2-siemens-simatic-s7-1500-tm-posinput-2-tech-i-o-module-2i-2o-46c11c0b5a-dxf,radica-dxf,260548,c34d462cf92d0c4caeab08208ac7f988af7071cf597ec552a19684edbf9e7cdf,ascii,True,parsed,AC1009,,,,,unknown,,siemens-simatic-s7-1500-tm-posinput-2-tech-i-o-module-2i-2o,,SIMATIC S7-1500,needs-review,needs-unit-review,2512,2,2,"{""min_x"":2.778147794058593,""min_y"":-2.778104702279745,""max_x"":26.59065300223,""max_y"":140.0969007060096,""width"":23.812505208171405,""height"":142.87500540828933}",previews/c34d462cf92d0c4c.svg,True,
b0e5dd70aa1130a1,product-fb71878850326578,geometry-de8ef4737bf272ce,radica-dxf/3-siemens-simatic-et200sp-ha-ex-ai-4xtc-2xrtd-2-3-4-w-aio-4i-9e3dfe8a65-dxf,radica-dxf,161352,b0e5dd70aa1130a165c5f975d1c1c9d7a0dae10256ef85e6a1eadc715a9fe455,ascii,True,parsed,AC1009,,,,,unknown,,siemens-simatic-et200sp-ha-ex-ai-4xtc-2xrtd-2-3-4-w-aio-4i,,ET200SP,needs-review,needs-unit-review,1556,3,2,"{""min_x"":2.778147794058593,""min_y"":-2.778103802279745,""max_x"":26.59065300223,""max_y"":76.59690160600958,""width"":23.812505208171405,""height"":79.37500540828933}",previews/b0e5dd70aa1130a1.svg,True,
325c5fe6195d5202,product-25248912df0e9657,geometry-9ba22bc6f2131b39,radica-dxf/3-siemens-simatic-s7-1200-plc-1212fc-cpu-dc-rly-8i-6o-2ai-9d78ef14a0-dxf,radica-dxf,307364,325c5fe6195d5202efcfd406f2ec78cdf99fdc2fbe31d043e3e73e93442de3ce,ascii,True,parsed,AC1009,,,,,unknown,,siemens-simatic-s7-1200-plc-1212fc-cpu-dc-rly-8i-6o-2ai,,SIMATIC S7-1200,needs-review,needs-unit-review,2922,3,2,"{""min_x"":2.778647794058593,""min_y"":-2.7781043022797447,""max_x"":26.591153002229998,""max_y"":108.34690110600958,""width"":23.812505208171405,""height"":111.12500540828933}",previews/325c5fe6195d5202.svg,True,
87fc649eabc31318,product-4d1fcd9a091da8a5,geometry-b19231f257c68571,radica-dxf/4-siemens-simatic-s7-1200-plc-1212fc-cpu-dc-8i-6o-2ai-e58d3dbaeb-dxf,radica-dxf,316630,87fc649eabc31318d713f0cfbe304df55cb88395d3f16d792ccf89f86e2f6336,ascii,True,parsed,AC1009,,,,,unknown,,siemens-simatic-s7-1200-plc-1212fc-cpu-dc-8i-6o-2ai,,SIMATIC S7-1200,needs-review,needs-unit-review,3010,3,2,"{""min_x"":2.778647794058593,""min_y"":-2.7781043022797447,""max_x"":26.591153002229998,""max_y"":108.34690110600958,""width"":23.812505208171405,""height"":111.12500540828933}",previews/87fc649eabc31318.svg,True,
41635aacb5f6a2cb,product-55a38820b6db09a8,geometry-00ca9ae41bf29302,siemens-batch-w33/s7-1200-plc-aio-asset-radica-41635aacb5f6a2cb.dxf,siemens-batch-w33,162047,41635aacb5f6a2cbe12dba4b571d6b74b626899ad7fd09dbad709a9331d989ec,ascii,True,parsed,AC1009,,,,,unknown,,s7-1200-plc-aio-asset-radica,,SIMATIC S7-1200,needs-review,needs-unit-review,1556,3,2,"{""min_x"":2.778147794058593,""min_y"":-2.778103802279745,""max_x"":26.59065300223,""max_y"":76.59690160600958,""width"":23.812505208171405,""height"":79.37500540828933}",previews/41635aacb5f6a2cb.svg,True,
d2040a6577395435,product-a86738d2a8b553cc,geometry-db7099be40e9714a,siemens-batch-w33/s7-1200-plc-comm-asset-radica-d2040a6577395435.dxf,siemens-batch-w33,135989,d2040a6577395435a5b2768b56211a33c988533c5ae1a505d1c9a41c3d64376b,ascii,True,parsed,AC1009,,,,,unknown,,s7-1200-plc-comm-asset-radica,,SIMATIC S7-1200,needs-review,needs-unit-review,1304,2,2,"{""min_x"":2.778147794058593,""min_y"":-2.778153002279745,""max_x"":26.59065300223,""max_y"":21.03435240600958,""width"":23.812505208171405,""height"":23.812505408289326}",previews/d2040a6577395435.svg,True,
ee9f654c57605ea1,product-623c231c2cb92f7b,geometry-c64070f791685579,siemens-batch-w33/s7-1200-plc-dio-asset-radica-ee9f654c57605ea1.dxf,siemens-batch-w33,225070,ee9f654c57605ea109f4fb626aa6120dc57b2bbc14da190c2f7cb05c3127098f,ascii,True,parsed,AC1009,,,,,unknown,,s7-1200-plc-dio-asset-radica,,SIMATIC S7-1200,needs-review,needs-unit-review,2151,2,2,"{""min_x"":2.778147794058593,""min_y"":-2.7781040022797447,""max_x"":26.59065300223,""max_y"":92.47190140600958,""width"":23.812505208171405,""height"":95.25000540828933}",previews/ee9f654c57605ea1.svg,True,
6689d7bfa34a7c44,product-1758cd184472e0fd,geometry-42f2946b56b0945c,siemens-batch-w33/s7-1200-plc-power-asset-radica-6689d7bfa34a7c44.dxf,siemens-batch-w33,110961,6689d7bfa34a7c447dcad2e2f5a91f5a82786dca9387343463c4df11c440e3f9,ascii,True,parsed,AC1009,,,,,unknown,,s7-1200-plc-power-asset-radica,,SIMATIC S7-1200,needs-review,needs-unit-review,1069,2,2,"{""min_x"":2.778147794058593,""min_y"":-2.778103402279745,""max_x"":26.59065300223,""max_y"":44.846902006009586,""width"":23.812505208171405,""height"":47.62500540828933}",previews/6689d7bfa34a7c44.svg,True,
fb84d19f1034eb49,product-60ff64ccf5f2b70d,geometry-52a09267b8e0edd9,siemens-batch-w33/s7-1200-plc-special-asset-radica-fb84d19f1034eb49.dxf,siemens-batch-w33,220164,fb84d19f1034eb49739ebe2cb3982e912448badf428e08de4b96cfe305dc053f,ascii,True,parsed,AC1009,,,,,unknown,,s7-1200-plc-special-asset-radica,,SIMATIC S7-1200,needs-review,needs-unit-review,2110,2,2,"{""min_x"":2.778147794058593,""min_y"":-2.7781537022797447,""max_x"":26.59065300223,""max_y"":68.65935170600959,""width"":23.812505208171405,""height"":71.43750540828933}",previews/fb84d19f1034eb49.svg,True,
f9f9d015c5f1ac10,product-a4189e77737699c3,geometry-a7e56936f7caeb02,siemens-batch-w33/s7-1500-plc-aio-asset-radica-f9f9d015c5f1ac10.dxf,siemens-batch-w33,271136,f9f9d015c5f1ac10baf58a21d237ff6836bd2597725e5212bc5f4f5dc2d814bb,ascii,True,parsed,AC1009,,,,,unknown,,s7-1500-plc-aio-asset-radica,,SIMATIC S7-1500,needs-review,needs-unit-review,2643,3,2,"{""min_x"":2.778147794058593,""min_y"":-2.778104702279745,""max_x"":26.59065300223,""max_y"":140.0969007060096,""width"":23.812505208171405,""height"":142.87500540828933}",previews/f9f9d015c5f1ac10.svg,True,
a18297e1e29076d0,product-537a98a4a0b9c26c,geometry-8d09e4ae3066f657,siemens-batch-w33/s7-1500-plc-comm-asset-radica-a18297e1e29076d0.dxf,siemens-batch-w33,125604,a18297e1e29076d0890b270abd36f24e05650660f07b6f5416a2aa24d47f260e,ascii,True,parsed,AC1009,,,,,unknown,,s7-1500-plc-comm-asset-radica,,SIMATIC S7-1500,needs-review,needs-unit-review,1202,2,2,"{""min_x"":2.778147794058593,""min_y"":-2.778153002279745,""max_x"":26.59065300223,""max_y"":21.03435240600958,""width"":23.812505208171405,""height"":23.812505408289326}",previews/a18297e1e29076d0.svg,True,
7ac841ef58f0802d,product-2cdde06000846fa0,geometry-e04311d3d3bab37e,siemens-batch-w33/s7-1500-plc-cpu-asset-radica-7ac841ef58f0802d.dxf,siemens-batch-w33,136332,7ac841ef58f0802d586ab2e93875e955ca283215de87735984a35c23aa44fc19,ascii,True,parsed,AC1009,,,,,unknown,,s7-1500-plc-cpu-asset-radica,,SIMATIC S7-1500,needs-review,needs-unit-review,1314,2,2,"{""min_x"":2.778147794058593,""min_y"":-2.778153302279745,""max_x"":26.59065300223,""max_y"":36.909352106009585,""width"":23.812505208171405,""height"":39.68750540828933}",previews/7ac841ef58f0802d.svg,True,
321240370c118c9c,product-c250fe55b267b006,geometry-1fdb4cc4238a5705,siemens-batch-w33/s7-1500-plc-dio-asset-radica-321240370c118c9c.dxf,siemens-batch-w33,287817,321240370c118c9c5c2d3d7ec7aa3340f1659743d34866ecd8278e11665c5127,ascii,True,parsed,AC1009,,,,,unknown,,s7-1500-plc-dio-asset-radica,,SIMATIC S7-1500,needs-review,needs-unit-review,2753,2,2,"{""min_x"":2.778147794058593,""min_y"":-2.778104702279745,""max_x"":26.59065300223,""max_y"":140.0969007060096,""width"":23.812505208171405,""height"":142.87500540828933}",previews/321240370c118c9c.svg,True,
4705e7c941dcb507,product-afbe1539f1112fcf,geometry-0ee29c6596ba33a6,siemens-batch-w33/s7-1500-plc-power-asset-radica-4705e7c941dcb507.dxf,siemens-batch-w33,138841,4705e7c941dcb507d12e6244dbd25473f79e60013da7fa296a0d2d4393f26119,ascii,True,parsed,AC1009,,,,,unknown,,s7-1500-plc-power-asset-radica,,SIMATIC S7-1500,needs-review,needs-unit-review,1324,2,2,"{""min_x"":2.778147794058593,""min_y"":-2.778103202279745,""max_x"":26.59065300223,""max_y"":28.97190220600958,""width"":23.812505208171405,""height"":31.750005408289326}",previews/4705e7c941dcb507.svg,True,
4b10e8dd384b8e7e,product-67438c601d91e244,geometry-46da739ea2ac782f,siemens-batch-w33/simatic-hmi-hmi-panel-cad-asset-siemens-bilddb-4b10e8dd384b8e7e.dxf,siemens-batch-w33,151391,4b10e8dd384b8e7ed430101dc2f8a4f6c003ff5d095ed0570a8338fa7c3b7afe,cp1252,True,parsed,AC1015,millimetres,4,420.0,297.0,confirmed-from-dxf,$INSUNITS,simatic-hmi-hmi-panel-cad-asset-siemens-bilddb,,HMI,needs-review,needs-product-review,13,3,7,"{""min_x"":0.0,""min_y"":0.0,""max_x"":420.0,""max_y"":297.0,""width"":420.0,""height"":297.0}",previews/4b10e8dd384b8e7e.svg,False,
ead8d701fd66a45c,product-41a25cdf98e7b06f,geometry-276dc51a45047801,siemens-batch-w33/simatic-top-connect-terminal-accessory-cad-asset-siemens-bilddb-ead8d701fd66a45c.dxf,siemens-batch-w33,219049,ead8d701fd66a45cf8b23d8746964bce90924b2acd7cfe68ee1776ef6f0551ba,ascii,True,parsed,AC1032,millimetres,4,279.4,431.8,confirmed-from-dxf,$INSUNITS,simatic-top-connect-terminal-accessory-cad-asset-siemens-bilddb,,,needs-review,needs-product-review,19,3,7,"{""min_x"":0.0,""min_y"":0.0,""max_x"":279.4,""max_y"":431.8,""width"":279.4,""height"":431.8}",previews/ead8d701fd66a45c.svg,False,
e2ea283cb57674d6,product-62911a7c0c8de137,geometry-397f05d90aacc1d4,siemens-batch-w33/sinamics-g120c-vfd-cad-asset-siemens-bilddb-e2ea283cb57674d6.dxf,siemens-batch-w33,220572,e2ea283cb57674d65ac3ac101730c88307804bb94e6f78693ea797fdf6d5d15d,utf-8,True,parsed,AC1024,millimetres,4,677.5997271487049,349.25000000000045,confirmed-from-dxf,$INSUNITS,sinamics-g120c-vfd-cad-asset-siemens-bilddb,,SINAMICS,needs-review,needs-product-review,546,7,4,"{""min_x"":-152.59972714870486,""min_y"":-4.650312073994533e-13,""max_x"":525.0,""max_y"":349.25,""width"":677.5997271487049,""height"":349.25000000000045}",previews/e2ea283cb57674d6.svg,False,
65a3915fce7924b1,product-2539d3beb690af04,geometry-d2ecb77dd24fab2c,siemens-batch-w33/sinamics-v20-vfd-cad-asset-siemens-bilddb-65a3915fce7924b1.dxf,siemens-batch-w33,189620,65a3915fce7924b1ece4c274188c5b9bc06fd2cbd0925cf63d083ab5898daed3,utf-8,True,parsed,AC1027,millimetres,4,420.0,297.0,confirmed-from-dxf,$INSUNITS,sinamics-v20-vfd-cad-asset-siemens-bilddb,,SINAMICS,needs-review,needs-product-review,301,6,3,"{""min_x"":0.0,""min_y"":0.0,""max_x"":420.0,""max_y"":297.0,""width"":420.0,""height"":297.0}",previews/65a3915fce7924b1.svg,False,
7b0bf205ff36ab88,product-6b4e499c051cc37f,geometry-da5326f355ef688f,siemens-batch-w33/sirius-contactor-cad-asset-siemens-bilddb-7b0bf205ff36ab88.dxf,siemens-batch-w33,585709,7b0bf205ff36ab88464f50eaf121e48c67c8d2ac35d2361b847ca156a46795eb,cp1252,True,parsed,AC1015,unitless,0,,,unknown,,sirius-contactor-cad-asset-siemens-bilddb,,SIRIUS,needs-review,needs-unit-review,2570,3,4,"{""min_x"":0.0,""min_y"":0.0,""max_x"":297.0,""max_y"":210.0,""width"":297.0,""height"":210.0}",previews/7b0bf205ff36ab88.svg,False,
7836a4a9372aeb88,product-295948fde856c81f,geometry-128ca1056d1612a6,siemens-batch-w33/sitop-psu-cad-asset-siemens-bilddb-7836a4a9372aeb88.dxf,siemens-batch-w33,210921,7836a4a9372aeb88ae795398bc9f6340ef67f74e1b56c787c7450354e519566f,ascii,True,parsed,AC1032,millimetres,4,279.4,431.8,confirmed-from-dxf,$INSUNITS,sitop-psu-cad-asset-siemens-bilddb,,SITOP,needs-review,needs-product-review,38,5,8,"{""min_x"":0.0,""min_y"":0.0,""max_x"":279.4,""max_y"":431.8,""width"":279.4,""height"":431.8}",previews/7836a4a9372aeb88.svg,False,
4b10e8dd384b8e7e,product-b59e5e86ba0bcb96,geometry-46da739ea2ac782f,siemens-bilddb/simatic-hmi-ktp700-basic-dp-7-inch-g-st70-xx-01722.dxf,siemens-bilddb,151391,4b10e8dd384b8e7ed430101dc2f8a4f6c003ff5d095ed0570a8338fa7c3b7afe,cp1252,True,parsed,AC1015,millimetres,4,420.0,297.0,confirmed-from-dxf,$INSUNITS,simatic-hmi-ktp700-basic-dp-7-inch-g-st70-xx-01722,,HMI,needs-review,needs-product-review,13,3,7,"{""min_x"":0.0,""min_y"":0.0,""max_x"":420.0,""max_y"":297.0,""width"":420.0,""height"":297.0}",previews/4b10e8dd384b8e7e.svg,False,
ead8d701fd66a45c,product-3d369a26006ae7e7,geometry-276dc51a45047801,siemens-bilddb/simatic-top-connect-tp1-connecting-module-for-s7-1500-et-200mp-g-kt01-xx-02193.dxf,siemens-bilddb,219049,ead8d701fd66a45cf8b23d8746964bce90924b2acd7cfe68ee1776ef6f0551ba,ascii,True,parsed,AC1032,millimetres,4,279.4,431.8,confirmed-from-dxf,$INSUNITS,simatic-top-connect-tp1-connecting-module-for-s7-1500-et-200mp-g-kt01-xx-02193,,SIMATIC S7-1500,needs-review,needs-product-review,19,3,7,"{""min_x"":0.0,""min_y"":0.0,""max_x"":279.4,""max_y"":431.8,""width"":279.4,""height"":431.8}",previews/ead8d701fd66a45c.svg,False,
e2ea283cb57674d6,product-21a56cf4420b5908,geometry-397f05d90aacc1d4,siemens-bilddb/sinamics-g120c-sinamics-g120c-fsd-g-sd01-xx-00631.dxf,siemens-bilddb,220572,e2ea283cb57674d65ac3ac101730c88307804bb94e6f78693ea797fdf6d5d15d,utf-8,True,parsed,AC1024,millimetres,4,677.5997271487049,349.25000000000045,confirmed-from-dxf,$INSUNITS,sinamics-g120c-sinamics-g120c-fsd-g-sd01-xx-00631,,SINAMICS,needs-review,needs-product-review,546,7,4,"{""min_x"":-152.59972714870486,""min_y"":-4.650312073994533e-13,""max_x"":525.0,""max_y"":349.25,""width"":677.5997271487049,""height"":349.25000000000045}",previews/e2ea283cb57674d6.svg,False,
65a3915fce7924b1,product-c5c93ebbc8f1f10b,geometry-d2ecb77dd24fab2c,siemens-bilddb/sinamics-v20-sinamics-v20-3ac-400v-frame-size-a-g-sd01-xx-00966.dxf,siemens-bilddb,189620,65a3915fce7924b1ece4c274188c5b9bc06fd2cbd0925cf63d083ab5898daed3,utf-8,True,parsed,AC1027,millimetres,4,420.0,297.0,confirmed-from-dxf,$INSUNITS,sinamics-v20-sinamics-v20-3ac-400v-frame-size-a-g-sd01-xx-00966,,SINAMICS,needs-review,needs-product-review,301,6,3,"{""min_x"":0.0,""min_y"":0.0,""max_x"":420.0,""max_y"":297.0,""width"":420.0,""height"":297.0}",previews/65a3915fce7924b1.svg,False,
7b0bf205ff36ab88,product-4b6b67947f428241,geometry-da5326f355ef688f,siemens-bilddb/sirius-sirius-contactor-size-s0-2no-2nc-spring-terminals-g-ic03-xx-31829.dxf,siemens-bilddb,585709,7b0bf205ff36ab88464f50eaf121e48c67c8d2ac35d2361b847ca156a46795eb,cp1252,True,parsed,AC1015,unitless,0,,,unknown,,sirius-sirius-contactor-size-s0-2no-2nc-spring-terminals-g-ic03-xx-31829,,SIRIUS,needs-review,needs-unit-review,2570,3,4,"{""min_x"":0.0,""min_y"":0.0,""max_x"":297.0,""max_y"":210.0,""width"":297.0,""height"":210.0}",previews/7b0bf205ff36ab88.svg,False,
7836a4a9372aeb88,product-4255a2461588febb,geometry-128ca1056d1612a6,siemens-bilddb/sitop-sitop-pm1207-ex-24-v-dc-2-5-a-g-kt01-xx-02221.dxf,siemens-bilddb,210921,7836a4a9372aeb88ae795398bc9f6340ef67f74e1b56c787c7450354e519566f,ascii,True,parsed,AC1032,millimetres,4,279.4,431.8,confirmed-from-dxf,$INSUNITS,sitop-sitop-pm1207-ex-24-v-dc-2-5-a-g-kt01-xx-02221,,SITOP,needs-review,needs-product-review,38,5,8,"{""min_x"":0.0,""min_y"":0.0,""max_x"":279.4,""max_y"":431.8,""width"":279.4,""height"":431.8}",previews/7836a4a9372aeb88.svg,False,
